{
  "defaultSeverity": "error",
  "extends": ["tslint:recommended"],
  "jsRules": {},
  "rules": {
    "quotemark": [true, "single"],
    "array-type": [true, "array-simple"],
    "arrow-return-shorthand": true,
    "ban": [
      true,
      { "name": ["it", "skip"] },
      { "name": ["it", "only"] },
      { "name": ["it", "async", "skip"] },
      { "name": ["it", "async", "only"] },
      { "name": ["describe", "skip"] },
      { "name": ["describe", "only"] },
      { "name": "parseInt", "message": "tsstyle#type-coercion" },
      { "name": "parseFloat", "message": "tsstyle#type-coercion" },
      { "name": "Array", "message": "tsstyle#array-constructor" },
      {
        "name": ["*", "innerText"],
        "message": "Use .textContent instead. tsstyle#browser-oddities"
      }
    ],
    "ban-ts-ignore": true,
    "ban-types": [
      true,
      ["Object", "Use {} instead."],
      ["String", "Use 'string' instead."],
      ["Number", "Use 'number' instead."],
      ["Boolean", "Use 'boolean' instead."]
    ],
    "class-name": true,
    "curly": [true, "ignore-same-line"],
    "deprecation": true,
    "forin": true,
    "interface-name": [true, "never-prefix"],
    "interface-over-type-literal": true,
    "jsdoc-format": true,
    "label-position": true,
    "member-access": [true, "no-public"],
    "new-parens": true,
    "no-angle-bracket-type-assertion": true,
    "no-any": true,
    "no-arg": true,
    "no-conditional-assignment": true,
    "no-construct": true,
    "no-debugger": true,
    "no-default-export": true,
    "no-duplicate-variable": true,
    "no-inferrable-types": true,
    "no-namespace": [true, "allow-declarations"],
    "no-reference": true,
    "no-string-throw": true,
    "no-return-await": true,
    "no-unsafe-finally": true,
    "no-unused-expression": false,
    "no-var-keyword": true,
    "object-literal-shorthand": true,
    "only-arrow-functions": [
      true,
      "allow-declarations",
      "allow-named-functions"
    ],
    "prefer-const": true,
    "radix": true,
    "semicolon": [true, "always", "ignore-bound-class-methods"],
    "switch-default": true,
    "trailing-comma": [
      true,
      {
        "multiline": {
          "objects": "always",
          "arrays": "always",
          "functions": "never",
          "typeLiterals": "ignore"
        },
        "esSpecCompliant": true
      }
    ],
    "triple-equals": [true, "allow-null-check"],
    "use-isnan": true,
    "variable-name": [
      true,
      "check-format",
      "ban-keywords",
      "allow-leading-underscore",
      "allow-trailing-underscore",
      "allow-pascal-case"
    ]
  },
  "rulesDirectory": []
}
